"enzyme","s_uM","replicate","v_uM_per_s","v_uM_per_min"
1111,7.8125,1,0.00959756242520022,0.575853745512013
1111,7.8125,2,0.00895189376717278,0.537113626030367
1111,7.8125,3,0.00913575552750076,0.548145331650046
1111,7.8125,4,0.00909907646778053,0.545944588066832
1111,15.625,1,0.0178780371315456,1.07268222789274
1111,15.625,2,0.0176364546237171,1.05818727742303
1111,15.625,3,0.0175368469055937,1.05221081433562
1111,15.625,4,0.017872761024484,1.07236566146904
1111,31.25,1,0.0322821817243146,1.93693090345888
1111,31.25,2,0.0308180777034797,1.84908466220878
1111,31.25,3,0.0310486769974608,1.86292061984765
1111,31.25,4,0.0320092071752129,1.92055243051278
1111,62.5,1,0.0528993763212238,3.17396257927343
1111,62.5,2,0.0487746945046004,2.92648167027602
1111,62.5,3,0.0456258365290282,2.73755019174169
1111,62.5,4,0.0500606029541977,3.00363617725186
1111,125,1,0.0667946791473875,4.00768074884325
1111,125,2,0.0668310090427742,4.00986054256645
1111,125,3,0.0678915288371395,4.07349173022837
1111,125,4,0.0650465737180618,3.90279442308371
1111,250,1,0.0820005415038671,4.92003249023203
1111,250,2,0.0792673612020786,4.75604167212472
1111,250,3,0.0808682321017158,4.85209392610295
1111,250,4,0.0798451660754356,4.79070996452614
1111,500,1,0.0990826252632614,5.94495751579568
1111,500,2,0.0890808975803179,5.34485385481907
1111,500,3,0.0924507655655115,5.54704593393069
1111,500,4,0.0944281472833358,5.66568883700015
2222,7.8125,1,0.000981255435355126,0.0588753261213075
2222,7.8125,2,0.000860559656063324,0.0516335793637994
2222,7.8125,3,0.00106523396507772,0.0639140379046629
2222,7.8125,4,0.000944524546554135,0.0566714727932481
2222,15.625,1,0.00194677256845514,0.116806354107309
2222,15.625,2,0.0017053891934106,0.102323351604636
2222,15.625,3,0.0021041583188526,0.126249499131156
2222,15.625,4,0.00192577452621655,0.115546471572993
2222,31.25,1,0.00358395972424725,0.215037583454835
2222,31.25,2,0.00330583182116994,0.198349909270196
2222,31.25,3,0.00372562353946773,0.223537412368064
2222,31.25,4,0.00346325303357002,0.207795182014201
2222,62.5,1,0.00661708432525834,0.397025059515501
2222,62.5,2,0.00570920337642182,0.342552202585309
2222,62.5,3,0.00558329423053458,0.334997653832075
2222,62.5,4,0.00743545149190688,0.446127089514413
2222,125,1,0.00894679224227793,0.536807534536676
2222,125,2,0.00948190270249074,0.568914162149444
2222,125,3,0.0101483184408921,0.608899106453524
2222,125,4,0.0114603073626984,0.687618441761903
2222,250,1,0.0143305491506956,0.859832949041736
2222,250,2,0.0125411623326379,0.752469739958274
2222,250,3,0.0134174002783365,0.805044016700191
2222,250,4,0.0127038787470241,0.762232724821446
2222,500,1,0.0215145642493178,1.29087385495907
2222,500,2,0.0163143390318191,0.978860341909144
2222,500,3,0.0179831119059756,1.07898671435854
2222,500,4,0.0163930660050972,0.983583960305835
3333,7.8125,1,0.00106518213599696,0.0639109281598174
3333,7.8125,2,0.00110719185970592,0.0664315115823552
3333,7.8125,3,0.00110719731539863,0.0664318389239179
3333,7.8125,4,0.00108618836177462,0.065171301706477
3333,15.625,1,0.00237704830471727,0.142622898283036
3333,15.625,2,0.00240850854214936,0.144510512528961
3333,15.625,3,0.00231398325399625,0.138838995239775
3333,15.625,4,0.00243477178006414,0.146086306803849
3333,31.25,1,0.00499011113064137,0.299406667838482
3333,31.25,2,0.00426087039199832,0.255652223519899
3333,31.25,3,0.00448120662356987,0.268872397414192
3333,31.25,4,0.00441829433224476,0.265097659934686
3333,62.5,1,0.00882610737437155,0.529566442462293
3333,62.5,2,0.00873674907942582,0.524204944765549
3333,62.5,3,0.00871042855673757,0.522625713404254
3333,62.5,4,0.00837975781075256,0.502785468645153
3333,125,1,0.0149074401955235,0.89444641173141
3333,125,2,0.0149756640559128,0.898539843354771
3333,125,3,0.0167438809774115,1.00463285864469
3333,125,4,0.0172686929132122,1.03612157479273
3333,250,1,0.0221539093072831,1.32923455843698
3333,250,2,0.0241740918242594,1.45044550945557
3333,250,3,0.0233397299377983,1.4003837962679
3333,250,4,0.0221069535459215,1.32641721275529
3333,500,1,0.0396071404867194,2.37642842920316
3333,500,2,0.03434893264847,2.0609359589082
3333,500,3,0.0336722947653545,2.02033768592127
3333,500,4,0.0318776782136233,1.9126606928174
4444,7.8125,1,0.00146924919127141,0.0881549514762848
4444,7.8125,2,0.0014219960946571,0.0853197656794262
4444,7.8125,3,0.00153222967875541,0.0919337807253247
4444,7.8125,4,0.0014849765821411,0.0890985949284661
4444,15.625,1,0.00291224060032075,0.174734436019245
4444,15.625,2,0.00283882792395317,0.17032967543719
4444,15.625,3,0.00241374373151564,0.144824623890938
4444,15.625,4,0.00308557196929635,0.185134318157781
4444,31.25,1,0.00455472841379167,0.2732837048275
4444,31.25,2,0.00494815869170588,0.296889521502353
4444,31.25,3,0.00470694171528903,0.282416502917342
4444,31.25,4,0.00559893705816724,0.335936223490035
4444,62.5,1,0.00747226967179125,0.448336180307475
4444,62.5,2,0.00726748352107628,0.436049011264577
4444,62.5,3,0.00772397339401879,0.463438403641127
4444,62.5,4,0.00875784805197957,0.525470883118774
4444,125,1,0.0101483620864338,0.608901725186025
4444,125,2,0.00960260939316797,0.576156563590078
4444,125,3,0.0103319783405897,0.619918700435383
4444,125,4,0.0109563979945139,0.657383879670831
4444,250,1,0.0106468398603144,0.638810391618863
4444,250,2,0.0111243223198028,0.667459339188166
4444,250,3,0.0113920344010746,0.683522064064478
4444,250,4,0.011176892441174,0.670613546470442
4444,500,1,0.0103162100320247,0.618972601921482
4444,500,2,0.0102113562131495,0.612681372788972
4444,500,3,0.0102324142680079,0.613944856080477
4444,500,4,0.0107047215507499,0.642283293044992
5555,7.8125,1,0.00430279828031662,0.258167896818997
5555,7.8125,2,0.00447071987775917,0.26824319266555
5555,7.8125,3,0.00516329246806741,0.309797548084044
5555,7.8125,4,0.00509509588614162,0.305705753168497
5555,15.625,1,0.00885227786551023,0.531136671930614
5555,15.625,2,0.00903071348722705,0.541842809233623
5555,15.625,3,0.00823830949539418,0.494298569723651
5555,15.625,4,0.00862645275486134,0.51758716529168
5555,31.25,1,0.0143988221123193,0.86392932673916
5555,31.25,2,0.0147397422814821,0.884384536888926
5555,31.25,3,0.015406346241282,0.924380774476918
5555,31.25,4,0.0160043635371272,0.96026181222763
5555,62.5,1,0.0203545894962249,1.22127536977349
5555,62.5,2,0.020968405106945,1.2581043064167
5555,62.5,3,0.0221753901783266,1.33052341069959
5555,62.5,4,0.0207059991390447,1.24235994834268
5555,125,1,0.0259904920379797,1.55942952227878
5555,125,2,0.0285247569666204,1.71148541799722
5555,125,3,0.0291282822364674,1.74769693418805
5555,125,4,0.027937242783664,1.67623456701984
5555,250,1,0.0317520964092987,1.90512578455792
5555,250,2,0.0308336277843363,1.85001766706018
5555,250,3,0.0320774064849851,1.9246443890991
5555,250,4,0.0318781937765845,1.91269162659507
5555,500,1,0.042304694677481,2.53828168064886
5555,500,2,0.0370207118858145,2.22124271314887
5555,500,3,0.0384267023492736,2.30560214095642
5555,500,4,0.0395131716792229,2.37079030075337
6666,7.8125,1,0.00771867819203268,0.463120691521961
6666,7.8125,2,0.00744591095925402,0.446754657555241
6666,7.8125,3,0.00719929785053591,0.431957871032154
6666,7.8125,4,0.00713632281874462,0.428179369124677
6666,15.625,1,0.0136953290486299,0.821719742917791
6666,15.625,2,0.0147133835689449,0.882803014136692
6666,15.625,3,0.0144613252266911,0.867679513601466
6666,15.625,4,0.015133423521261,0.908005411275662
6666,31.25,1,0.0255383698992624,1.53230219395574
6666,31.25,2,0.0232452292002624,1.39471375201575
6666,31.25,3,0.0266670890033999,1.60002534020399
6666,31.25,4,0.0263205926640764,1.57923555984458
6666,62.5,1,0.0410655346729221,2.46393208037533
6666,62.5,2,0.0386831666156016,2.32098999693609
6666,62.5,3,0.0424300828047143,2.54580496828286
6666,62.5,4,0.042110351627035,2.5266210976221
6666,125,1,0.055260004362097,3.31560026172582
6666,125,2,0.0617507430860513,3.70504458516308
6666,125,3,0.063025965657054,3.78155793942324
6666,125,4,0.064863181147307,3.89179086883842
6666,250,1,0.0730333704404733,4.3820022264284
6666,250,2,0.0738832114837857,4.43299268902714
6666,250,3,0.0722412228661979,4.33447337197187
6666,250,4,0.0737470992881088,4.42482595728653
6666,500,1,0.0960954907660019,5.76572944596012
6666,500,2,0.0880133722243014,5.28080233345809
6666,500,3,0.0901758732396236,5.41055239437742
6666,500,4,0.0921171078277671,5.52702646966602
